{"assets/1.png":["assets/1.png"],"assets/10.jpg":["assets/10.jpg"],"assets/11.jpg":["assets/11.jpg"],"assets/12.jpg":["assets/12.jpg"],"assets/13.jpg":["assets/13.jpg"],"assets/14.jpg":["assets/14.jpg"],"assets/15.jpg":["assets/15.jpg"],"assets/16.jpg":["assets/16.jpg"],"assets/17.jpg":["assets/17.jpg"],"assets/18.jpg":["assets/18.jpg"],"assets/19.jpg":["assets/19.jpg"],"assets/2.jpg":["assets/2.jpg"],"assets/20.png":["assets/20.png"],"assets/3.jpg":["assets/3.jpg"],"assets/300.png":["assets/300.png"],"assets/4.jpg":["assets/4.jpg"],"assets/5.jpg":["assets/5.jpg"],"assets/6.jpg":["assets/6.jpg"],"assets/7.jpg":["assets/7.jpg"],"assets/8.jpg":["assets/8.jpg"],"assets/9.jpg":["assets/9.jpg"],"packages/cupertino_icons/assets/CupertinoIcons.ttf":["packages/cupertino_icons/assets/CupertinoIcons.ttf"],"packages/flutter_country_picker/assets/flags/ab_flag.png":["packages/flutter_country_picker/assets/flags/ab_flag.png","packages/flutter_country_picker/assets/flags/2.0x/ab_flag.png","packages/flutter_country_picker/assets/flags/3.0x/ab_flag.png"],"packages/flutter_country_picker/assets/flags/ad_flag.png":["packages/flutter_country_picker/assets/flags/ad_flag.png","packages/flutter_country_picker/assets/flags/2.0x/ad_flag.png","packages/flutter_country_picker/assets/flags/3.0x/ad_flag.png"],"packages/flutter_country_picker/assets/flags/ae_flag.png":["packages/flutter_country_picker/assets/flags/ae_flag.png","packages/flutter_country_picker/assets/flags/2.0x/ae_flag.png","packages/flutter_country_picker/assets/flags/3.0x/ae_flag.png"],"packages/flutter_country_picker/assets/flags/af_flag.png":["packages/flutter_country_picker/assets/flags/af_flag.png","packages/flutter_country_picker/assets/flags/2.0x/af_flag.png","packages/flutter_country_picker/assets/flags/3.0x/af_flag.png"],"packages/flutter_country_picker/assets/flags/ag_flag.png":["packages/flutter_country_picker/assets/flags/ag_flag.png","packages/flutter_country_picker/assets/flags/2.0x/ag_flag.png","packages/flutter_country_picker/assets/flags/3.0x/ag_flag.png"],"packages/flutter_country_picker/assets/flags/ai_flag.png":["packages/flutter_country_picker/assets/flags/ai_flag.png","packages/flutter_country_picker/assets/flags/2.0x/ai_flag.png","packages/flutter_country_picker/assets/flags/3.0x/ai_flag.png"],"packages/flutter_country_picker/assets/flags/al_flag.png":["packages/flutter_country_picker/assets/flags/al_flag.png","packages/flutter_country_picker/assets/flags/2.0x/al_flag.png","packages/flutter_country_picker/assets/flags/3.0x/al_flag.png"],"packages/flutter_country_picker/assets/flags/am_flag.png":["packages/flutter_country_picker/assets/flags/am_flag.png","packages/flutter_country_picker/assets/flags/2.0x/am_flag.png","packages/flutter_country_picker/assets/flags/3.0x/am_flag.png"],"packages/flutter_country_picker/assets/flags/ao_flag.png":["packages/flutter_country_picker/assets/flags/ao_flag.png","packages/flutter_country_picker/assets/flags/2.0x/ao_flag.png","packages/flutter_country_picker/assets/flags/3.0x/ao_flag.png"],"packages/flutter_country_picker/assets/flags/aq_flag.png":["packages/flutter_country_picker/assets/flags/aq_flag.png","packages/flutter_country_picker/assets/flags/2.0x/aq_flag.png","packages/flutter_country_picker/assets/flags/3.0x/aq_flag.png"],"packages/flutter_country_picker/assets/flags/ar_flag.png":["packages/flutter_country_picker/assets/flags/ar_flag.png","packages/flutter_country_picker/assets/flags/2.0x/ar_flag.png","packages/flutter_country_picker/assets/flags/3.0x/ar_flag.png"],"packages/flutter_country_picker/assets/flags/as_flag.png":["packages/flutter_country_picker/assets/flags/as_flag.png","packages/flutter_country_picker/assets/flags/2.0x/as_flag.png","packages/flutter_country_picker/assets/flags/3.0x/as_flag.png"],"packages/flutter_country_picker/assets/flags/at_flag.png":["packages/flutter_country_picker/assets/flags/at_flag.png","packages/flutter_country_picker/assets/flags/2.0x/at_flag.png","packages/flutter_country_picker/assets/flags/3.0x/at_flag.png"],"packages/flutter_country_picker/assets/flags/au_flag.png":["packages/flutter_country_picker/assets/flags/au_flag.png","packages/flutter_country_picker/assets/flags/2.0x/au_flag.png","packages/flutter_country_picker/assets/flags/3.0x/au_flag.png"],"assets/avatar.png":["assets/avatar.png"],"packages/flutter_country_picker/assets/flags/aw_flag.png":["packages/flutter_country_picker/assets/flags/aw_flag.png","packages/flutter_country_picker/assets/flags/2.0x/aw_flag.png","packages/flutter_country_picker/assets/flags/3.0x/aw_flag.png"],"packages/flutter_country_picker/assets/flags/ax_flag.png":["packages/flutter_country_picker/assets/flags/ax_flag.png","packages/flutter_country_picker/assets/flags/2.0x/ax_flag.png","packages/flutter_country_picker/assets/flags/3.0x/ax_flag.png"],"packages/flutter_country_picker/assets/flags/az_flag.png":["packages/flutter_country_picker/assets/flags/az_flag.png","packages/flutter_country_picker/assets/flags/2.0x/az_flag.png","packages/flutter_country_picker/assets/flags/3.0x/az_flag.png"],"packages/flutter_country_picker/assets/flags/ba_flag.png":["packages/flutter_country_picker/assets/flags/ba_flag.png","packages/flutter_country_picker/assets/flags/2.0x/ba_flag.png","packages/flutter_country_picker/assets/flags/3.0x/ba_flag.png"],"assets/background.jpg":["assets/background.jpg"],"packages/flutter_country_picker/assets/flags/bb_flag.png":["packages/flutter_country_picker/assets/flags/bb_flag.png","packages/flutter_country_picker/assets/flags/2.0x/bb_flag.png","packages/flutter_country_picker/assets/flags/3.0x/bb_flag.png"],"packages/flutter_country_picker/assets/flags/bd_flag.png":["packages/flutter_country_picker/assets/flags/bd_flag.png","packages/flutter_country_picker/assets/flags/2.0x/bd_flag.png","packages/flutter_country_picker/assets/flags/3.0x/bd_flag.png"],"packages/flutter_country_picker/assets/flags/be_flag.png":["packages/flutter_country_picker/assets/flags/be_flag.png","packages/flutter_country_picker/assets/flags/2.0x/be_flag.png","packages/flutter_country_picker/assets/flags/3.0x/be_flag.png"],"packages/flutter_country_picker/assets/flags/bf_flag.png":["packages/flutter_country_picker/assets/flags/bf_flag.png","packages/flutter_country_picker/assets/flags/2.0x/bf_flag.png","packages/flutter_country_picker/assets/flags/3.0x/bf_flag.png"],"packages/flutter_country_picker/assets/flags/bg_flag.png":["packages/flutter_country_picker/assets/flags/bg_flag.png","packages/flutter_country_picker/assets/flags/2.0x/bg_flag.png","packages/flutter_country_picker/assets/flags/3.0x/bg_flag.png"],"packages/flutter_country_picker/assets/flags/bh_flag.png":["packages/flutter_country_picker/assets/flags/bh_flag.png","packages/flutter_country_picker/assets/flags/2.0x/bh_flag.png","packages/flutter_country_picker/assets/flags/3.0x/bh_flag.png"],"packages/flutter_country_picker/assets/flags/bi_flag.png":["packages/flutter_country_picker/assets/flags/bi_flag.png","packages/flutter_country_picker/assets/flags/2.0x/bi_flag.png","packages/flutter_country_picker/assets/flags/3.0x/bi_flag.png"],"packages/flutter_country_picker/assets/flags/bj_flag.png":["packages/flutter_country_picker/assets/flags/bj_flag.png","packages/flutter_country_picker/assets/flags/2.0x/bj_flag.png","packages/flutter_country_picker/assets/flags/3.0x/bj_flag.png"],"packages/flutter_country_picker/assets/flags/bl_flag.png":["packages/flutter_country_picker/assets/flags/bl_flag.png","packages/flutter_country_picker/assets/flags/2.0x/bl_flag.png","packages/flutter_country_picker/assets/flags/3.0x/bl_flag.png"],"packages/flutter_country_picker/assets/flags/bm_flag.png":["packages/flutter_country_picker/assets/flags/bm_flag.png","packages/flutter_country_picker/assets/flags/2.0x/bm_flag.png","packages/flutter_country_picker/assets/flags/3.0x/bm_flag.png"],"packages/flutter_country_picker/assets/flags/bn_flag.png":["packages/flutter_country_picker/assets/flags/bn_flag.png","packages/flutter_country_picker/assets/flags/2.0x/bn_flag.png","packages/flutter_country_picker/assets/flags/3.0x/bn_flag.png"],"packages/flutter_country_picker/assets/flags/bo_flag.png":["packages/flutter_country_picker/assets/flags/bo_flag.png","packages/flutter_country_picker/assets/flags/2.0x/bo_flag.png","packages/flutter_country_picker/assets/flags/3.0x/bo_flag.png"],"packages/flutter_country_picker/assets/flags/bq_flag.png":["packages/flutter_country_picker/assets/flags/bq_flag.png","packages/flutter_country_picker/assets/flags/2.0x/bq_flag.png","packages/flutter_country_picker/assets/flags/3.0x/bq_flag.png"],"packages/flutter_country_picker/assets/flags/br_flag.png":["packages/flutter_country_picker/assets/flags/br_flag.png","packages/flutter_country_picker/assets/flags/2.0x/br_flag.png","packages/flutter_country_picker/assets/flags/3.0x/br_flag.png"],"packages/flutter_country_picker/assets/flags/bs_flag.png":["packages/flutter_country_picker/assets/flags/bs_flag.png","packages/flutter_country_picker/assets/flags/2.0x/bs_flag.png","packages/flutter_country_picker/assets/flags/3.0x/bs_flag.png"],"packages/flutter_country_picker/assets/flags/bt_flag.png":["packages/flutter_country_picker/assets/flags/bt_flag.png","packages/flutter_country_picker/assets/flags/2.0x/bt_flag.png","packages/flutter_country_picker/assets/flags/3.0x/bt_flag.png"],"packages/flutter_country_picker/assets/flags/bv_flag.png":["packages/flutter_country_picker/assets/flags/bv_flag.png","packages/flutter_country_picker/assets/flags/2.0x/bv_flag.png","packages/flutter_country_picker/assets/flags/3.0x/bv_flag.png"],"packages/flutter_country_picker/assets/flags/bw_flag.png":["packages/flutter_country_picker/assets/flags/bw_flag.png","packages/flutter_country_picker/assets/flags/2.0x/bw_flag.png","packages/flutter_country_picker/assets/flags/3.0x/bw_flag.png"],"packages/flutter_country_picker/assets/flags/by_flag.png":["packages/flutter_country_picker/assets/flags/by_flag.png","packages/flutter_country_picker/assets/flags/2.0x/by_flag.png","packages/flutter_country_picker/assets/flags/3.0x/by_flag.png"],"packages/flutter_country_picker/assets/flags/bz_flag.png":["packages/flutter_country_picker/assets/flags/bz_flag.png","packages/flutter_country_picker/assets/flags/2.0x/bz_flag.png","packages/flutter_country_picker/assets/flags/3.0x/bz_flag.png"],"packages/flutter_country_picker/assets/flags/ca_flag.png":["packages/flutter_country_picker/assets/flags/ca_flag.png","packages/flutter_country_picker/assets/flags/2.0x/ca_flag.png","packages/flutter_country_picker/assets/flags/3.0x/ca_flag.png"],"packages/flutter_country_picker/assets/flags/cc_flag.png":["packages/flutter_country_picker/assets/flags/cc_flag.png","packages/flutter_country_picker/assets/flags/2.0x/cc_flag.png","packages/flutter_country_picker/assets/flags/3.0x/cc_flag.png"],"packages/flutter_country_picker/assets/flags/cd_flag.png":["packages/flutter_country_picker/assets/flags/cd_flag.png","packages/flutter_country_picker/assets/flags/2.0x/cd_flag.png","packages/flutter_country_picker/assets/flags/3.0x/cd_flag.png"],"packages/flutter_country_picker/assets/flags/cf_flag.png":["packages/flutter_country_picker/assets/flags/cf_flag.png","packages/flutter_country_picker/assets/flags/2.0x/cf_flag.png","packages/flutter_country_picker/assets/flags/3.0x/cf_flag.png"],"packages/flutter_country_picker/assets/flags/cg_flag.png":["packages/flutter_country_picker/assets/flags/cg_flag.png","packages/flutter_country_picker/assets/flags/2.0x/cg_flag.png","packages/flutter_country_picker/assets/flags/3.0x/cg_flag.png"],"packages/flutter_country_picker/assets/flags/ch_flag.png":["packages/flutter_country_picker/assets/flags/ch_flag.png","packages/flutter_country_picker/assets/flags/2.0x/ch_flag.png","packages/flutter_country_picker/assets/flags/3.0x/ch_flag.png"],"packages/flutter_country_picker/assets/flags/ci_flag.png":["packages/flutter_country_picker/assets/flags/ci_flag.png","packages/flutter_country_picker/assets/flags/2.0x/ci_flag.png","packages/flutter_country_picker/assets/flags/3.0x/ci_flag.png"],"packages/flutter_country_picker/assets/flags/ck_flag.png":["packages/flutter_country_picker/assets/flags/ck_flag.png","packages/flutter_country_picker/assets/flags/2.0x/ck_flag.png","packages/flutter_country_picker/assets/flags/3.0x/ck_flag.png"],"packages/flutter_country_picker/assets/flags/cl_flag.png":["packages/flutter_country_picker/assets/flags/cl_flag.png","packages/flutter_country_picker/assets/flags/2.0x/cl_flag.png","packages/flutter_country_picker/assets/flags/3.0x/cl_flag.png"],"packages/flutter_country_picker/assets/flags/cm_flag.png":["packages/flutter_country_picker/assets/flags/cm_flag.png","packages/flutter_country_picker/assets/flags/2.0x/cm_flag.png","packages/flutter_country_picker/assets/flags/3.0x/cm_flag.png"],"packages/flutter_country_picker/assets/flags/cn_flag.png":["packages/flutter_country_picker/assets/flags/cn_flag.png","packages/flutter_country_picker/assets/flags/2.0x/cn_flag.png","packages/flutter_country_picker/assets/flags/3.0x/cn_flag.png"],"packages/flutter_country_picker/assets/flags/co_flag.png":["packages/flutter_country_picker/assets/flags/co_flag.png","packages/flutter_country_picker/assets/flags/2.0x/co_flag.png","packages/flutter_country_picker/assets/flags/3.0x/co_flag.png"],"packages/flutter_country_picker/assets/flags/cr_flag.png":["packages/flutter_country_picker/assets/flags/cr_flag.png","packages/flutter_country_picker/assets/flags/2.0x/cr_flag.png","packages/flutter_country_picker/assets/flags/3.0x/cr_flag.png"],"packages/flutter_country_picker/assets/flags/cu_flag.png":["packages/flutter_country_picker/assets/flags/cu_flag.png","packages/flutter_country_picker/assets/flags/2.0x/cu_flag.png","packages/flutter_country_picker/assets/flags/3.0x/cu_flag.png"],"packages/flutter_country_picker/assets/flags/cv_flag.png":["packages/flutter_country_picker/assets/flags/cv_flag.png","packages/flutter_country_picker/assets/flags/2.0x/cv_flag.png","packages/flutter_country_picker/assets/flags/3.0x/cv_flag.png"],"packages/flutter_country_picker/assets/flags/cw_flag.png":["packages/flutter_country_picker/assets/flags/cw_flag.png","packages/flutter_country_picker/assets/flags/2.0x/cw_flag.png","packages/flutter_country_picker/assets/flags/3.0x/cw_flag.png"],"packages/flutter_country_picker/assets/flags/cx_flag.png":["packages/flutter_country_picker/assets/flags/cx_flag.png","packages/flutter_country_picker/assets/flags/2.0x/cx_flag.png","packages/flutter_country_picker/assets/flags/3.0x/cx_flag.png"],"packages/flutter_country_picker/assets/flags/cy_flag.png":["packages/flutter_country_picker/assets/flags/cy_flag.png","packages/flutter_country_picker/assets/flags/2.0x/cy_flag.png","packages/flutter_country_picker/assets/flags/3.0x/cy_flag.png"],"packages/flutter_country_picker/assets/flags/cz_flag.png":["packages/flutter_country_picker/assets/flags/cz_flag.png","packages/flutter_country_picker/assets/flags/2.0x/cz_flag.png","packages/flutter_country_picker/assets/flags/3.0x/cz_flag.png"],"packages/flutter_country_picker/assets/flags/de_flag.png":["packages/flutter_country_picker/assets/flags/de_flag.png","packages/flutter_country_picker/assets/flags/2.0x/de_flag.png","packages/flutter_country_picker/assets/flags/3.0x/de_flag.png"],"packages/flutter_country_picker/assets/flags/dj_flag.png":["packages/flutter_country_picker/assets/flags/dj_flag.png","packages/flutter_country_picker/assets/flags/2.0x/dj_flag.png","packages/flutter_country_picker/assets/flags/3.0x/dj_flag.png"],"packages/flutter_country_picker/assets/flags/dk_flag.png":["packages/flutter_country_picker/assets/flags/dk_flag.png","packages/flutter_country_picker/assets/flags/2.0x/dk_flag.png","packages/flutter_country_picker/assets/flags/3.0x/dk_flag.png"],"packages/flutter_country_picker/assets/flags/dm_flag.png":["packages/flutter_country_picker/assets/flags/dm_flag.png","packages/flutter_country_picker/assets/flags/2.0x/dm_flag.png","packages/flutter_country_picker/assets/flags/3.0x/dm_flag.png"],"packages/flutter_country_picker/assets/flags/do_flag.png":["packages/flutter_country_picker/assets/flags/do_flag.png","packages/flutter_country_picker/assets/flags/2.0x/do_flag.png","packages/flutter_country_picker/assets/flags/3.0x/do_flag.png"],"assets/dollar-0.png":["assets/dollar-0.png"],"assets/dollar-1.png":["assets/dollar-1.png"],"assets/dollar-2.png":["assets/dollar-2.png"],"packages/progress_dialog/assets/double_ring_loading_io.gif":["packages/progress_dialog/assets/double_ring_loading_io.gif"],"packages/flutter_country_picker/assets/flags/dz_flag.png":["packages/flutter_country_picker/assets/flags/dz_flag.png","packages/flutter_country_picker/assets/flags/2.0x/dz_flag.png","packages/flutter_country_picker/assets/flags/3.0x/dz_flag.png"],"packages/flutter_country_picker/assets/flags/ec_flag.png":["packages/flutter_country_picker/assets/flags/ec_flag.png","packages/flutter_country_picker/assets/flags/2.0x/ec_flag.png","packages/flutter_country_picker/assets/flags/3.0x/ec_flag.png"],"packages/flutter_country_picker/assets/flags/ee_flag.png":["packages/flutter_country_picker/assets/flags/ee_flag.png","packages/flutter_country_picker/assets/flags/2.0x/ee_flag.png","packages/flutter_country_picker/assets/flags/3.0x/ee_flag.png"],"packages/flutter_country_picker/assets/flags/eg_flag.png":["packages/flutter_country_picker/assets/flags/eg_flag.png","packages/flutter_country_picker/assets/flags/2.0x/eg_flag.png","packages/flutter_country_picker/assets/flags/3.0x/eg_flag.png"],"packages/flutter_country_picker/assets/flags/eh_flag.png":["packages/flutter_country_picker/assets/flags/eh_flag.png","packages/flutter_country_picker/assets/flags/2.0x/eh_flag.png","packages/flutter_country_picker/assets/flags/3.0x/eh_flag.png"],"packages/flutter_country_picker/assets/flags/er_flag.png":["packages/flutter_country_picker/assets/flags/er_flag.png","packages/flutter_country_picker/assets/flags/2.0x/er_flag.png","packages/flutter_country_picker/assets/flags/3.0x/er_flag.png"],"packages/flutter_country_picker/assets/flags/es_flag.png":["packages/flutter_country_picker/assets/flags/es_flag.png","packages/flutter_country_picker/assets/flags/2.0x/es_flag.png","packages/flutter_country_picker/assets/flags/3.0x/es_flag.png"],"packages/flutter_country_picker/assets/flags/et_flag.png":["packages/flutter_country_picker/assets/flags/et_flag.png","packages/flutter_country_picker/assets/flags/2.0x/et_flag.png","packages/flutter_country_picker/assets/flags/3.0x/et_flag.png"],"packages/flutter_country_picker/assets/flags/fi_flag.png":["packages/flutter_country_picker/assets/flags/fi_flag.png","packages/flutter_country_picker/assets/flags/2.0x/fi_flag.png","packages/flutter_country_picker/assets/flags/3.0x/fi_flag.png"],"packages/flutter_country_picker/assets/flags/fj_flag.png":["packages/flutter_country_picker/assets/flags/fj_flag.png","packages/flutter_country_picker/assets/flags/2.0x/fj_flag.png","packages/flutter_country_picker/assets/flags/3.0x/fj_flag.png"],"packages/flutter_country_picker/assets/flags/fk_flag.png":["packages/flutter_country_picker/assets/flags/fk_flag.png","packages/flutter_country_picker/assets/flags/2.0x/fk_flag.png","packages/flutter_country_picker/assets/flags/3.0x/fk_flag.png"],"packages/flutter_country_picker/assets/flags/fm_flag.png":["packages/flutter_country_picker/assets/flags/fm_flag.png","packages/flutter_country_picker/assets/flags/2.0x/fm_flag.png","packages/flutter_country_picker/assets/flags/3.0x/fm_flag.png"],"packages/flutter_country_picker/assets/flags/fo_flag.png":["packages/flutter_country_picker/assets/flags/fo_flag.png","packages/flutter_country_picker/assets/flags/2.0x/fo_flag.png","packages/flutter_country_picker/assets/flags/3.0x/fo_flag.png"],"packages/flutter_country_picker/assets/flags/fr_flag.png":["packages/flutter_country_picker/assets/flags/fr_flag.png","packages/flutter_country_picker/assets/flags/2.0x/fr_flag.png","packages/flutter_country_picker/assets/flags/3.0x/fr_flag.png"],"packages/flutter_country_picker/assets/flags/ga_flag.png":["packages/flutter_country_picker/assets/flags/ga_flag.png","packages/flutter_country_picker/assets/flags/2.0x/ga_flag.png","packages/flutter_country_picker/assets/flags/3.0x/ga_flag.png"],"packages/flutter_country_picker/assets/flags/gb_flag.png":["packages/flutter_country_picker/assets/flags/gb_flag.png","packages/flutter_country_picker/assets/flags/2.0x/gb_flag.png","packages/flutter_country_picker/assets/flags/3.0x/gb_flag.png"],"packages/flutter_country_picker/assets/flags/gd_flag.png":["packages/flutter_country_picker/assets/flags/gd_flag.png","packages/flutter_country_picker/assets/flags/2.0x/gd_flag.png","packages/flutter_country_picker/assets/flags/3.0x/gd_flag.png"],"packages/flutter_country_picker/assets/flags/ge_flag.png":["packages/flutter_country_picker/assets/flags/ge_flag.png","packages/flutter_country_picker/assets/flags/2.0x/ge_flag.png","packages/flutter_country_picker/assets/flags/3.0x/ge_flag.png"],"packages/flutter_country_picker/assets/flags/gf_flag.png":["packages/flutter_country_picker/assets/flags/gf_flag.png","packages/flutter_country_picker/assets/flags/2.0x/gf_flag.png","packages/flutter_country_picker/assets/flags/3.0x/gf_flag.png"],"packages/flutter_country_picker/assets/flags/gg_flag.png":["packages/flutter_country_picker/assets/flags/gg_flag.png","packages/flutter_country_picker/assets/flags/2.0x/gg_flag.png","packages/flutter_country_picker/assets/flags/3.0x/gg_flag.png"],"packages/flutter_country_picker/assets/flags/gh_flag.png":["packages/flutter_country_picker/assets/flags/gh_flag.png","packages/flutter_country_picker/assets/flags/2.0x/gh_flag.png","packages/flutter_country_picker/assets/flags/3.0x/gh_flag.png"],"packages/flutter_country_picker/assets/flags/gi_flag.png":["packages/flutter_country_picker/assets/flags/gi_flag.png","packages/flutter_country_picker/assets/flags/2.0x/gi_flag.png","packages/flutter_country_picker/assets/flags/3.0x/gi_flag.png"],"packages/flutter_country_picker/assets/flags/gl_flag.png":["packages/flutter_country_picker/assets/flags/gl_flag.png","packages/flutter_country_picker/assets/flags/2.0x/gl_flag.png","packages/flutter_country_picker/assets/flags/3.0x/gl_flag.png"],"packages/flutter_country_picker/assets/flags/gm_flag.png":["packages/flutter_country_picker/assets/flags/gm_flag.png","packages/flutter_country_picker/assets/flags/2.0x/gm_flag.png","packages/flutter_country_picker/assets/flags/3.0x/gm_flag.png"],"packages/flutter_country_picker/assets/flags/gn_flag.png":["packages/flutter_country_picker/assets/flags/gn_flag.png","packages/flutter_country_picker/assets/flags/2.0x/gn_flag.png","packages/flutter_country_picker/assets/flags/3.0x/gn_flag.png"],"packages/flutter_country_picker/assets/flags/gp_flag.png":["packages/flutter_country_picker/assets/flags/gp_flag.png","packages/flutter_country_picker/assets/flags/2.0x/gp_flag.png","packages/flutter_country_picker/assets/flags/3.0x/gp_flag.png"],"packages/flutter_country_picker/assets/flags/gq_flag.png":["packages/flutter_country_picker/assets/flags/gq_flag.png","packages/flutter_country_picker/assets/flags/2.0x/gq_flag.png","packages/flutter_country_picker/assets/flags/3.0x/gq_flag.png"],"packages/flutter_country_picker/assets/flags/gr_flag.png":["packages/flutter_country_picker/assets/flags/gr_flag.png","packages/flutter_country_picker/assets/flags/2.0x/gr_flag.png","packages/flutter_country_picker/assets/flags/3.0x/gr_flag.png"],"packages/flutter_country_picker/assets/flags/gs_flag.png":["packages/flutter_country_picker/assets/flags/gs_flag.png","packages/flutter_country_picker/assets/flags/2.0x/gs_flag.png","packages/flutter_country_picker/assets/flags/3.0x/gs_flag.png"],"packages/flutter_country_picker/assets/flags/gt_flag.png":["packages/flutter_country_picker/assets/flags/gt_flag.png","packages/flutter_country_picker/assets/flags/2.0x/gt_flag.png","packages/flutter_country_picker/assets/flags/3.0x/gt_flag.png"],"packages/flutter_country_picker/assets/flags/gu_flag.png":["packages/flutter_country_picker/assets/flags/gu_flag.png","packages/flutter_country_picker/assets/flags/2.0x/gu_flag.png","packages/flutter_country_picker/assets/flags/3.0x/gu_flag.png"],"packages/flutter_country_picker/assets/flags/gw_flag.png":["packages/flutter_country_picker/assets/flags/gw_flag.png","packages/flutter_country_picker/assets/flags/2.0x/gw_flag.png","packages/flutter_country_picker/assets/flags/3.0x/gw_flag.png"],"packages/flutter_country_picker/assets/flags/gy_flag.png":["packages/flutter_country_picker/assets/flags/gy_flag.png","packages/flutter_country_picker/assets/flags/2.0x/gy_flag.png","packages/flutter_country_picker/assets/flags/3.0x/gy_flag.png"],"packages/flutter_country_picker/assets/flags/hk_flag.png":["packages/flutter_country_picker/assets/flags/hk_flag.png","packages/flutter_country_picker/assets/flags/2.0x/hk_flag.png","packages/flutter_country_picker/assets/flags/3.0x/hk_flag.png"],"packages/flutter_country_picker/assets/flags/hm_flag.png":["packages/flutter_country_picker/assets/flags/hm_flag.png","packages/flutter_country_picker/assets/flags/2.0x/hm_flag.png","packages/flutter_country_picker/assets/flags/3.0x/hm_flag.png"],"packages/flutter_country_picker/assets/flags/hn_flag.png":["packages/flutter_country_picker/assets/flags/hn_flag.png","packages/flutter_country_picker/assets/flags/2.0x/hn_flag.png","packages/flutter_country_picker/assets/flags/3.0x/hn_flag.png"],"packages/flutter_country_picker/assets/flags/hr_flag.png":["packages/flutter_country_picker/assets/flags/hr_flag.png","packages/flutter_country_picker/assets/flags/2.0x/hr_flag.png","packages/flutter_country_picker/assets/flags/3.0x/hr_flag.png"],"packages/flutter_country_picker/assets/flags/ht_flag.png":["packages/flutter_country_picker/assets/flags/ht_flag.png","packages/flutter_country_picker/assets/flags/2.0x/ht_flag.png","packages/flutter_country_picker/assets/flags/3.0x/ht_flag.png"],"packages/flutter_country_picker/assets/flags/hu_flag.png":["packages/flutter_country_picker/assets/flags/hu_flag.png","packages/flutter_country_picker/assets/flags/2.0x/hu_flag.png","packages/flutter_country_picker/assets/flags/3.0x/hu_flag.png"],"packages/flutter_country_picker/assets/flags/ic_launcher.png":["packages/flutter_country_picker/assets/flags/ic_launcher.png","packages/flutter_country_picker/assets/flags/2.0x/ic_launcher.png","packages/flutter_country_picker/assets/flags/3.0x/ic_launcher.png"],"packages/flutter_country_picker/assets/flags/id_flag.png":["packages/flutter_country_picker/assets/flags/id_flag.png","packages/flutter_country_picker/assets/flags/2.0x/id_flag.png","packages/flutter_country_picker/assets/flags/3.0x/id_flag.png"],"packages/flutter_country_picker/assets/flags/ie_flag.png":["packages/flutter_country_picker/assets/flags/ie_flag.png","packages/flutter_country_picker/assets/flags/2.0x/ie_flag.png","packages/flutter_country_picker/assets/flags/3.0x/ie_flag.png"],"packages/flutter_country_picker/assets/flags/il_flag.png":["packages/flutter_country_picker/assets/flags/il_flag.png","packages/flutter_country_picker/assets/flags/2.0x/il_flag.png","packages/flutter_country_picker/assets/flags/3.0x/il_flag.png"],"packages/flutter_country_picker/assets/flags/im_flag.png":["packages/flutter_country_picker/assets/flags/im_flag.png","packages/flutter_country_picker/assets/flags/2.0x/im_flag.png","packages/flutter_country_picker/assets/flags/3.0x/im_flag.png"],"packages/flutter_country_picker/assets/flags/in_flag.png":["packages/flutter_country_picker/assets/flags/in_flag.png","packages/flutter_country_picker/assets/flags/2.0x/in_flag.png","packages/flutter_country_picker/assets/flags/3.0x/in_flag.png"],"packages/flutter_country_picker/assets/flags/io_flag.png":["packages/flutter_country_picker/assets/flags/io_flag.png","packages/flutter_country_picker/assets/flags/2.0x/io_flag.png","packages/flutter_country_picker/assets/flags/3.0x/io_flag.png"],"packages/flutter_country_picker/assets/flags/iq_flag.png":["packages/flutter_country_picker/assets/flags/iq_flag.png","packages/flutter_country_picker/assets/flags/2.0x/iq_flag.png","packages/flutter_country_picker/assets/flags/3.0x/iq_flag.png"],"packages/flutter_country_picker/assets/flags/ir_flag.png":["packages/flutter_country_picker/assets/flags/ir_flag.png","packages/flutter_country_picker/assets/flags/2.0x/ir_flag.png","packages/flutter_country_picker/assets/flags/3.0x/ir_flag.png"],"packages/flutter_country_picker/assets/flags/is_flag.png":["packages/flutter_country_picker/assets/flags/is_flag.png","packages/flutter_country_picker/assets/flags/2.0x/is_flag.png","packages/flutter_country_picker/assets/flags/3.0x/is_flag.png"],"packages/flutter_country_picker/assets/flags/it_flag.png":["packages/flutter_country_picker/assets/flags/it_flag.png","packages/flutter_country_picker/assets/flags/2.0x/it_flag.png","packages/flutter_country_picker/assets/flags/3.0x/it_flag.png"],"packages/flutter_country_picker/assets/flags/je_flag.png":["packages/flutter_country_picker/assets/flags/je_flag.png","packages/flutter_country_picker/assets/flags/2.0x/je_flag.png","packages/flutter_country_picker/assets/flags/3.0x/je_flag.png"],"packages/flutter_country_picker/assets/flags/jm_flag.png":["packages/flutter_country_picker/assets/flags/jm_flag.png","packages/flutter_country_picker/assets/flags/2.0x/jm_flag.png","packages/flutter_country_picker/assets/flags/3.0x/jm_flag.png"],"packages/flutter_country_picker/assets/flags/jo_flag.png":["packages/flutter_country_picker/assets/flags/jo_flag.png","packages/flutter_country_picker/assets/flags/2.0x/jo_flag.png","packages/flutter_country_picker/assets/flags/3.0x/jo_flag.png"],"packages/flutter_country_picker/assets/flags/jp_flag.png":["packages/flutter_country_picker/assets/flags/jp_flag.png","packages/flutter_country_picker/assets/flags/2.0x/jp_flag.png","packages/flutter_country_picker/assets/flags/3.0x/jp_flag.png"],"packages/flutter_country_picker/assets/flags/ke_flag.png":["packages/flutter_country_picker/assets/flags/ke_flag.png","packages/flutter_country_picker/assets/flags/2.0x/ke_flag.png","packages/flutter_country_picker/assets/flags/3.0x/ke_flag.png"],"packages/flutter_country_picker/assets/flags/kg_flag.png":["packages/flutter_country_picker/assets/flags/kg_flag.png","packages/flutter_country_picker/assets/flags/2.0x/kg_flag.png","packages/flutter_country_picker/assets/flags/3.0x/kg_flag.png"],"packages/flutter_country_picker/assets/flags/kh_flag.png":["packages/flutter_country_picker/assets/flags/kh_flag.png","packages/flutter_country_picker/assets/flags/2.0x/kh_flag.png","packages/flutter_country_picker/assets/flags/3.0x/kh_flag.png"],"packages/flutter_country_picker/assets/flags/ki_flag.png":["packages/flutter_country_picker/assets/flags/ki_flag.png","packages/flutter_country_picker/assets/flags/2.0x/ki_flag.png","packages/flutter_country_picker/assets/flags/3.0x/ki_flag.png"],"packages/flutter_country_picker/assets/flags/km_flag.png":["packages/flutter_country_picker/assets/flags/km_flag.png","packages/flutter_country_picker/assets/flags/2.0x/km_flag.png","packages/flutter_country_picker/assets/flags/3.0x/km_flag.png"],"packages/flutter_country_picker/assets/flags/kn_flag.png":["packages/flutter_country_picker/assets/flags/kn_flag.png","packages/flutter_country_picker/assets/flags/2.0x/kn_flag.png","packages/flutter_country_picker/assets/flags/3.0x/kn_flag.png"],"packages/flutter_country_picker/assets/flags/kp_flag.png":["packages/flutter_country_picker/assets/flags/kp_flag.png","packages/flutter_country_picker/assets/flags/2.0x/kp_flag.png","packages/flutter_country_picker/assets/flags/3.0x/kp_flag.png"],"packages/flutter_country_picker/assets/flags/kr_flag.png":["packages/flutter_country_picker/assets/flags/kr_flag.png","packages/flutter_country_picker/assets/flags/2.0x/kr_flag.png","packages/flutter_country_picker/assets/flags/3.0x/kr_flag.png"],"packages/flutter_country_picker/assets/flags/kw_flag.png":["packages/flutter_country_picker/assets/flags/kw_flag.png","packages/flutter_country_picker/assets/flags/2.0x/kw_flag.png","packages/flutter_country_picker/assets/flags/3.0x/kw_flag.png"],"packages/flutter_country_picker/assets/flags/ky_flag.png":["packages/flutter_country_picker/assets/flags/ky_flag.png","packages/flutter_country_picker/assets/flags/2.0x/ky_flag.png","packages/flutter_country_picker/assets/flags/3.0x/ky_flag.png"],"packages/flutter_country_picker/assets/flags/kz_flag.png":["packages/flutter_country_picker/assets/flags/kz_flag.png","packages/flutter_country_picker/assets/flags/2.0x/kz_flag.png","packages/flutter_country_picker/assets/flags/3.0x/kz_flag.png"],"packages/flutter_country_picker/assets/flags/la_flag.png":["packages/flutter_country_picker/assets/flags/la_flag.png","packages/flutter_country_picker/assets/flags/2.0x/la_flag.png","packages/flutter_country_picker/assets/flags/3.0x/la_flag.png"],"packages/flutter_country_picker/assets/flags/lb_flag.png":["packages/flutter_country_picker/assets/flags/lb_flag.png","packages/flutter_country_picker/assets/flags/2.0x/lb_flag.png","packages/flutter_country_picker/assets/flags/3.0x/lb_flag.png"],"packages/flutter_country_picker/assets/flags/lc_flag.png":["packages/flutter_country_picker/assets/flags/lc_flag.png","packages/flutter_country_picker/assets/flags/2.0x/lc_flag.png","packages/flutter_country_picker/assets/flags/3.0x/lc_flag.png"],"packages/flutter_country_picker/assets/flags/li_flag.png":["packages/flutter_country_picker/assets/flags/li_flag.png","packages/flutter_country_picker/assets/flags/2.0x/li_flag.png","packages/flutter_country_picker/assets/flags/3.0x/li_flag.png"],"packages/flutter_country_picker/assets/flags/lk_flag.png":["packages/flutter_country_picker/assets/flags/lk_flag.png","packages/flutter_country_picker/assets/flags/2.0x/lk_flag.png","packages/flutter_country_picker/assets/flags/3.0x/lk_flag.png"],"assets/logo.png":["assets/logo.png"],"assets/logo_light.png":["assets/logo_light.png"],"packages/flutter_country_picker/assets/flags/lr_flag.png":["packages/flutter_country_picker/assets/flags/lr_flag.png","packages/flutter_country_picker/assets/flags/2.0x/lr_flag.png","packages/flutter_country_picker/assets/flags/3.0x/lr_flag.png"],"packages/flutter_country_picker/assets/flags/ls_flag.png":["packages/flutter_country_picker/assets/flags/ls_flag.png","packages/flutter_country_picker/assets/flags/2.0x/ls_flag.png","packages/flutter_country_picker/assets/flags/3.0x/ls_flag.png"],"packages/flutter_country_picker/assets/flags/lt_flag.png":["packages/flutter_country_picker/assets/flags/lt_flag.png","packages/flutter_country_picker/assets/flags/2.0x/lt_flag.png","packages/flutter_country_picker/assets/flags/3.0x/lt_flag.png"],"packages/flutter_country_picker/assets/flags/lu_flag.png":["packages/flutter_country_picker/assets/flags/lu_flag.png","packages/flutter_country_picker/assets/flags/2.0x/lu_flag.png","packages/flutter_country_picker/assets/flags/3.0x/lu_flag.png"],"packages/flutter_country_picker/assets/flags/lv_flag.png":["packages/flutter_country_picker/assets/flags/lv_flag.png","packages/flutter_country_picker/assets/flags/2.0x/lv_flag.png","packages/flutter_country_picker/assets/flags/3.0x/lv_flag.png"],"packages/flutter_country_picker/assets/flags/ly_flag.png":["packages/flutter_country_picker/assets/flags/ly_flag.png","packages/flutter_country_picker/assets/flags/2.0x/ly_flag.png","packages/flutter_country_picker/assets/flags/3.0x/ly_flag.png"],"packages/flutter_country_picker/assets/flags/ma_flag.png":["packages/flutter_country_picker/assets/flags/ma_flag.png","packages/flutter_country_picker/assets/flags/2.0x/ma_flag.png","packages/flutter_country_picker/assets/flags/3.0x/ma_flag.png"],"packages/flutter_country_picker/assets/flags/mc_flag.png":["packages/flutter_country_picker/assets/flags/mc_flag.png","packages/flutter_country_picker/assets/flags/2.0x/mc_flag.png","packages/flutter_country_picker/assets/flags/3.0x/mc_flag.png"],"packages/flutter_country_picker/assets/flags/md_flag.png":["packages/flutter_country_picker/assets/flags/md_flag.png","packages/flutter_country_picker/assets/flags/2.0x/md_flag.png","packages/flutter_country_picker/assets/flags/3.0x/md_flag.png"],"packages/flutter_country_picker/assets/flags/me_flag.png":["packages/flutter_country_picker/assets/flags/me_flag.png","packages/flutter_country_picker/assets/flags/2.0x/me_flag.png","packages/flutter_country_picker/assets/flags/3.0x/me_flag.png"],"packages/flutter_country_picker/assets/flags/mf_flag.png":["packages/flutter_country_picker/assets/flags/mf_flag.png","packages/flutter_country_picker/assets/flags/2.0x/mf_flag.png","packages/flutter_country_picker/assets/flags/3.0x/mf_flag.png"],"packages/flutter_country_picker/assets/flags/mg_flag.png":["packages/flutter_country_picker/assets/flags/mg_flag.png","packages/flutter_country_picker/assets/flags/2.0x/mg_flag.png","packages/flutter_country_picker/assets/flags/3.0x/mg_flag.png"],"packages/flutter_country_picker/assets/flags/mh_flag.png":["packages/flutter_country_picker/assets/flags/mh_flag.png","packages/flutter_country_picker/assets/flags/2.0x/mh_flag.png","packages/flutter_country_picker/assets/flags/3.0x/mh_flag.png"],"packages/flutter_country_picker/assets/flags/mk_flag.png":["packages/flutter_country_picker/assets/flags/mk_flag.png","packages/flutter_country_picker/assets/flags/2.0x/mk_flag.png","packages/flutter_country_picker/assets/flags/3.0x/mk_flag.png"],"packages/flutter_country_picker/assets/flags/ml_flag.png":["packages/flutter_country_picker/assets/flags/ml_flag.png","packages/flutter_country_picker/assets/flags/2.0x/ml_flag.png","packages/flutter_country_picker/assets/flags/3.0x/ml_flag.png"],"packages/flutter_country_picker/assets/flags/mm_flag.png":["packages/flutter_country_picker/assets/flags/mm_flag.png","packages/flutter_country_picker/assets/flags/2.0x/mm_flag.png","packages/flutter_country_picker/assets/flags/3.0x/mm_flag.png"],"packages/flutter_country_picker/assets/flags/mn_flag.png":["packages/flutter_country_picker/assets/flags/mn_flag.png","packages/flutter_country_picker/assets/flags/2.0x/mn_flag.png","packages/flutter_country_picker/assets/flags/3.0x/mn_flag.png"],"packages/flutter_country_picker/assets/flags/mo_flag.png":["packages/flutter_country_picker/assets/flags/mo_flag.png","packages/flutter_country_picker/assets/flags/2.0x/mo_flag.png","packages/flutter_country_picker/assets/flags/3.0x/mo_flag.png"],"packages/flutter_country_picker/assets/flags/mp_flag.png":["packages/flutter_country_picker/assets/flags/mp_flag.png","packages/flutter_country_picker/assets/flags/2.0x/mp_flag.png","packages/flutter_country_picker/assets/flags/3.0x/mp_flag.png"],"packages/flutter_country_picker/assets/flags/mq_flag.png":["packages/flutter_country_picker/assets/flags/mq_flag.png","packages/flutter_country_picker/assets/flags/2.0x/mq_flag.png","packages/flutter_country_picker/assets/flags/3.0x/mq_flag.png"],"packages/flutter_country_picker/assets/flags/mr_flag.png":["packages/flutter_country_picker/assets/flags/mr_flag.png","packages/flutter_country_picker/assets/flags/2.0x/mr_flag.png","packages/flutter_country_picker/assets/flags/3.0x/mr_flag.png"],"packages/flutter_country_picker/assets/flags/ms_flag.png":["packages/flutter_country_picker/assets/flags/ms_flag.png","packages/flutter_country_picker/assets/flags/2.0x/ms_flag.png","packages/flutter_country_picker/assets/flags/3.0x/ms_flag.png"],"packages/flutter_country_picker/assets/flags/mt_flag.png":["packages/flutter_country_picker/assets/flags/mt_flag.png","packages/flutter_country_picker/assets/flags/2.0x/mt_flag.png","packages/flutter_country_picker/assets/flags/3.0x/mt_flag.png"],"packages/flutter_country_picker/assets/flags/mu_flag.png":["packages/flutter_country_picker/assets/flags/mu_flag.png","packages/flutter_country_picker/assets/flags/2.0x/mu_flag.png","packages/flutter_country_picker/assets/flags/3.0x/mu_flag.png"],"packages/flutter_country_picker/assets/flags/mv_flag.png":["packages/flutter_country_picker/assets/flags/mv_flag.png","packages/flutter_country_picker/assets/flags/2.0x/mv_flag.png","packages/flutter_country_picker/assets/flags/3.0x/mv_flag.png"],"packages/flutter_country_picker/assets/flags/mw_flag.png":["packages/flutter_country_picker/assets/flags/mw_flag.png","packages/flutter_country_picker/assets/flags/2.0x/mw_flag.png","packages/flutter_country_picker/assets/flags/3.0x/mw_flag.png"],"packages/flutter_country_picker/assets/flags/mx_flag.png":["packages/flutter_country_picker/assets/flags/mx_flag.png","packages/flutter_country_picker/assets/flags/2.0x/mx_flag.png","packages/flutter_country_picker/assets/flags/3.0x/mx_flag.png"],"packages/flutter_country_picker/assets/flags/my_flag.png":["packages/flutter_country_picker/assets/flags/my_flag.png","packages/flutter_country_picker/assets/flags/2.0x/my_flag.png","packages/flutter_country_picker/assets/flags/3.0x/my_flag.png"],"packages/flutter_country_picker/assets/flags/mz_flag.png":["packages/flutter_country_picker/assets/flags/mz_flag.png","packages/flutter_country_picker/assets/flags/2.0x/mz_flag.png","packages/flutter_country_picker/assets/flags/3.0x/mz_flag.png"],"packages/flutter_country_picker/assets/flags/na_flag.png":["packages/flutter_country_picker/assets/flags/na_flag.png","packages/flutter_country_picker/assets/flags/2.0x/na_flag.png","packages/flutter_country_picker/assets/flags/3.0x/na_flag.png"],"packages/flutter_country_picker/assets/flags/nc_flag.png":["packages/flutter_country_picker/assets/flags/nc_flag.png","packages/flutter_country_picker/assets/flags/2.0x/nc_flag.png","packages/flutter_country_picker/assets/flags/3.0x/nc_flag.png"],"packages/flutter_country_picker/assets/flags/ne_flag.png":["packages/flutter_country_picker/assets/flags/ne_flag.png","packages/flutter_country_picker/assets/flags/2.0x/ne_flag.png","packages/flutter_country_picker/assets/flags/3.0x/ne_flag.png"],"packages/flutter_country_picker/assets/flags/nf_flag.png":["packages/flutter_country_picker/assets/flags/nf_flag.png","packages/flutter_country_picker/assets/flags/2.0x/nf_flag.png","packages/flutter_country_picker/assets/flags/3.0x/nf_flag.png"],"packages/flutter_country_picker/assets/flags/ng_flag.png":["packages/flutter_country_picker/assets/flags/ng_flag.png","packages/flutter_country_picker/assets/flags/2.0x/ng_flag.png","packages/flutter_country_picker/assets/flags/3.0x/ng_flag.png"],"packages/flutter_country_picker/assets/flags/ni_flag.png":["packages/flutter_country_picker/assets/flags/ni_flag.png","packages/flutter_country_picker/assets/flags/2.0x/ni_flag.png","packages/flutter_country_picker/assets/flags/3.0x/ni_flag.png"],"packages/flutter_country_picker/assets/flags/nl_flag.png":["packages/flutter_country_picker/assets/flags/nl_flag.png","packages/flutter_country_picker/assets/flags/2.0x/nl_flag.png","packages/flutter_country_picker/assets/flags/3.0x/nl_flag.png"],"packages/flutter_country_picker/assets/flags/no_flag.png":["packages/flutter_country_picker/assets/flags/no_flag.png","packages/flutter_country_picker/assets/flags/2.0x/no_flag.png","packages/flutter_country_picker/assets/flags/3.0x/no_flag.png"],"packages/flutter_country_picker/assets/flags/np_flag.png":["packages/flutter_country_picker/assets/flags/np_flag.png","packages/flutter_country_picker/assets/flags/2.0x/np_flag.png","packages/flutter_country_picker/assets/flags/3.0x/np_flag.png"],"packages/flutter_country_picker/assets/flags/nr_flag.png":["packages/flutter_country_picker/assets/flags/nr_flag.png","packages/flutter_country_picker/assets/flags/2.0x/nr_flag.png","packages/flutter_country_picker/assets/flags/3.0x/nr_flag.png"],"packages/flutter_country_picker/assets/flags/nu_flag.png":["packages/flutter_country_picker/assets/flags/nu_flag.png","packages/flutter_country_picker/assets/flags/2.0x/nu_flag.png","packages/flutter_country_picker/assets/flags/3.0x/nu_flag.png"],"packages/flutter_country_picker/assets/flags/nz_flag.png":["packages/flutter_country_picker/assets/flags/nz_flag.png","packages/flutter_country_picker/assets/flags/2.0x/nz_flag.png","packages/flutter_country_picker/assets/flags/3.0x/nz_flag.png"],"packages/flutter_country_picker/assets/flags/om_flag.png":["packages/flutter_country_picker/assets/flags/om_flag.png","packages/flutter_country_picker/assets/flags/2.0x/om_flag.png","packages/flutter_country_picker/assets/flags/3.0x/om_flag.png"],"packages/flutter_country_picker/assets/flags/pa_flag.png":["packages/flutter_country_picker/assets/flags/pa_flag.png","packages/flutter_country_picker/assets/flags/2.0x/pa_flag.png","packages/flutter_country_picker/assets/flags/3.0x/pa_flag.png"],"packages/flutter_country_picker/assets/flags/pe_flag.png":["packages/flutter_country_picker/assets/flags/pe_flag.png","packages/flutter_country_picker/assets/flags/2.0x/pe_flag.png","packages/flutter_country_picker/assets/flags/3.0x/pe_flag.png"],"packages/flutter_country_picker/assets/flags/pf_flag.png":["packages/flutter_country_picker/assets/flags/pf_flag.png","packages/flutter_country_picker/assets/flags/2.0x/pf_flag.png","packages/flutter_country_picker/assets/flags/3.0x/pf_flag.png"],"packages/flutter_country_picker/assets/flags/pg_flag.png":["packages/flutter_country_picker/assets/flags/pg_flag.png","packages/flutter_country_picker/assets/flags/2.0x/pg_flag.png","packages/flutter_country_picker/assets/flags/3.0x/pg_flag.png"],"packages/flutter_country_picker/assets/flags/ph_flag.png":["packages/flutter_country_picker/assets/flags/ph_flag.png","packages/flutter_country_picker/assets/flags/2.0x/ph_flag.png","packages/flutter_country_picker/assets/flags/3.0x/ph_flag.png"],"packages/flutter_country_picker/assets/flags/pk_flag.png":["packages/flutter_country_picker/assets/flags/pk_flag.png","packages/flutter_country_picker/assets/flags/2.0x/pk_flag.png","packages/flutter_country_picker/assets/flags/3.0x/pk_flag.png"],"packages/flutter_country_picker/assets/flags/pl_flag.png":["packages/flutter_country_picker/assets/flags/pl_flag.png","packages/flutter_country_picker/assets/flags/2.0x/pl_flag.png","packages/flutter_country_picker/assets/flags/3.0x/pl_flag.png"],"packages/flutter_country_picker/assets/flags/pm_flag.png":["packages/flutter_country_picker/assets/flags/pm_flag.png","packages/flutter_country_picker/assets/flags/2.0x/pm_flag.png","packages/flutter_country_picker/assets/flags/3.0x/pm_flag.png"],"packages/flutter_country_picker/assets/flags/pn_flag.png":["packages/flutter_country_picker/assets/flags/pn_flag.png","packages/flutter_country_picker/assets/flags/2.0x/pn_flag.png","packages/flutter_country_picker/assets/flags/3.0x/pn_flag.png"],"packages/flutter_country_picker/assets/flags/pr_flag.png":["packages/flutter_country_picker/assets/flags/pr_flag.png","packages/flutter_country_picker/assets/flags/2.0x/pr_flag.png","packages/flutter_country_picker/assets/flags/3.0x/pr_flag.png"],"packages/flutter_country_picker/assets/flags/ps_flag.png":["packages/flutter_country_picker/assets/flags/ps_flag.png","packages/flutter_country_picker/assets/flags/2.0x/ps_flag.png","packages/flutter_country_picker/assets/flags/3.0x/ps_flag.png"],"packages/flutter_country_picker/assets/flags/pt_flag.png":["packages/flutter_country_picker/assets/flags/pt_flag.png","packages/flutter_country_picker/assets/flags/2.0x/pt_flag.png","packages/flutter_country_picker/assets/flags/3.0x/pt_flag.png"],"packages/flutter_country_picker/assets/flags/pw_flag.png":["packages/flutter_country_picker/assets/flags/pw_flag.png","packages/flutter_country_picker/assets/flags/2.0x/pw_flag.png","packages/flutter_country_picker/assets/flags/3.0x/pw_flag.png"],"packages/flutter_country_picker/assets/flags/py_flag.png":["packages/flutter_country_picker/assets/flags/py_flag.png","packages/flutter_country_picker/assets/flags/2.0x/py_flag.png","packages/flutter_country_picker/assets/flags/3.0x/py_flag.png"],"packages/flutter_country_picker/assets/flags/qa_flag.png":["packages/flutter_country_picker/assets/flags/qa_flag.png","packages/flutter_country_picker/assets/flags/2.0x/qa_flag.png","packages/flutter_country_picker/assets/flags/3.0x/qa_flag.png"],"packages/flutter_country_picker/assets/flags/re_flag.png":["packages/flutter_country_picker/assets/flags/re_flag.png","packages/flutter_country_picker/assets/flags/2.0x/re_flag.png","packages/flutter_country_picker/assets/flags/3.0x/re_flag.png"],"packages/flutter_country_picker/assets/flags/ro_flag.png":["packages/flutter_country_picker/assets/flags/ro_flag.png","packages/flutter_country_picker/assets/flags/2.0x/ro_flag.png","packages/flutter_country_picker/assets/flags/3.0x/ro_flag.png"],"packages/flutter_country_picker/assets/flags/rs_flag.png":["packages/flutter_country_picker/assets/flags/rs_flag.png","packages/flutter_country_picker/assets/flags/2.0x/rs_flag.png","packages/flutter_country_picker/assets/flags/3.0x/rs_flag.png"],"packages/flutter_country_picker/assets/flags/ru_flag.png":["packages/flutter_country_picker/assets/flags/ru_flag.png","packages/flutter_country_picker/assets/flags/2.0x/ru_flag.png","packages/flutter_country_picker/assets/flags/3.0x/ru_flag.png"],"packages/flutter_country_picker/assets/flags/rw_flag.png":["packages/flutter_country_picker/assets/flags/rw_flag.png","packages/flutter_country_picker/assets/flags/2.0x/rw_flag.png","packages/flutter_country_picker/assets/flags/3.0x/rw_flag.png"],"packages/flutter_country_picker/assets/flags/sa_flag.png":["packages/flutter_country_picker/assets/flags/sa_flag.png","packages/flutter_country_picker/assets/flags/2.0x/sa_flag.png","packages/flutter_country_picker/assets/flags/3.0x/sa_flag.png"],"packages/flutter_country_picker/assets/flags/sb_flag.png":["packages/flutter_country_picker/assets/flags/sb_flag.png","packages/flutter_country_picker/assets/flags/2.0x/sb_flag.png","packages/flutter_country_picker/assets/flags/3.0x/sb_flag.png"],"packages/flutter_country_picker/assets/flags/sc_flag.png":["packages/flutter_country_picker/assets/flags/sc_flag.png","packages/flutter_country_picker/assets/flags/2.0x/sc_flag.png","packages/flutter_country_picker/assets/flags/3.0x/sc_flag.png"],"packages/flutter_country_picker/assets/flags/sd_flag.png":["packages/flutter_country_picker/assets/flags/sd_flag.png","packages/flutter_country_picker/assets/flags/2.0x/sd_flag.png","packages/flutter_country_picker/assets/flags/3.0x/sd_flag.png"],"packages/flutter_country_picker/assets/flags/se_flag.png":["packages/flutter_country_picker/assets/flags/se_flag.png","packages/flutter_country_picker/assets/flags/2.0x/se_flag.png","packages/flutter_country_picker/assets/flags/3.0x/se_flag.png"],"packages/flutter_country_picker/assets/flags/sg_flag.png":["packages/flutter_country_picker/assets/flags/sg_flag.png","packages/flutter_country_picker/assets/flags/2.0x/sg_flag.png","packages/flutter_country_picker/assets/flags/3.0x/sg_flag.png"],"packages/flutter_country_picker/assets/flags/sh_flag.png":["packages/flutter_country_picker/assets/flags/sh_flag.png","packages/flutter_country_picker/assets/flags/2.0x/sh_flag.png","packages/flutter_country_picker/assets/flags/3.0x/sh_flag.png"],"packages/flutter_country_picker/assets/flags/si_flag.png":["packages/flutter_country_picker/assets/flags/si_flag.png","packages/flutter_country_picker/assets/flags/2.0x/si_flag.png","packages/flutter_country_picker/assets/flags/3.0x/si_flag.png"],"packages/flutter_country_picker/assets/flags/sj_flag.png":["packages/flutter_country_picker/assets/flags/sj_flag.png","packages/flutter_country_picker/assets/flags/2.0x/sj_flag.png","packages/flutter_country_picker/assets/flags/3.0x/sj_flag.png"],"packages/flutter_country_picker/assets/flags/sk_flag.png":["packages/flutter_country_picker/assets/flags/sk_flag.png","packages/flutter_country_picker/assets/flags/2.0x/sk_flag.png","packages/flutter_country_picker/assets/flags/3.0x/sk_flag.png"],"packages/flutter_country_picker/assets/flags/sl_flag.png":["packages/flutter_country_picker/assets/flags/sl_flag.png","packages/flutter_country_picker/assets/flags/2.0x/sl_flag.png","packages/flutter_country_picker/assets/flags/3.0x/sl_flag.png"],"packages/flutter_country_picker/assets/flags/sm_flag.png":["packages/flutter_country_picker/assets/flags/sm_flag.png","packages/flutter_country_picker/assets/flags/2.0x/sm_flag.png","packages/flutter_country_picker/assets/flags/3.0x/sm_flag.png"],"packages/flutter_country_picker/assets/flags/sn_flag.png":["packages/flutter_country_picker/assets/flags/sn_flag.png","packages/flutter_country_picker/assets/flags/2.0x/sn_flag.png","packages/flutter_country_picker/assets/flags/3.0x/sn_flag.png"],"packages/flutter_country_picker/assets/flags/so_flag.png":["packages/flutter_country_picker/assets/flags/so_flag.png","packages/flutter_country_picker/assets/flags/2.0x/so_flag.png","packages/flutter_country_picker/assets/flags/3.0x/so_flag.png"],"packages/flutter_country_picker/assets/flags/sr_flag.png":["packages/flutter_country_picker/assets/flags/sr_flag.png","packages/flutter_country_picker/assets/flags/2.0x/sr_flag.png","packages/flutter_country_picker/assets/flags/3.0x/sr_flag.png"],"packages/flutter_country_picker/assets/flags/ss_flag.png":["packages/flutter_country_picker/assets/flags/ss_flag.png","packages/flutter_country_picker/assets/flags/2.0x/ss_flag.png","packages/flutter_country_picker/assets/flags/3.0x/ss_flag.png"],"packages/flutter_country_picker/assets/flags/st_flag.png":["packages/flutter_country_picker/assets/flags/st_flag.png","packages/flutter_country_picker/assets/flags/2.0x/st_flag.png","packages/flutter_country_picker/assets/flags/3.0x/st_flag.png"],"packages/flutter_country_picker/assets/flags/sv_flag.png":["packages/flutter_country_picker/assets/flags/sv_flag.png","packages/flutter_country_picker/assets/flags/2.0x/sv_flag.png","packages/flutter_country_picker/assets/flags/3.0x/sv_flag.png"],"packages/flutter_country_picker/assets/flags/sx_flag.png":["packages/flutter_country_picker/assets/flags/sx_flag.png","packages/flutter_country_picker/assets/flags/2.0x/sx_flag.png","packages/flutter_country_picker/assets/flags/3.0x/sx_flag.png"],"packages/flutter_country_picker/assets/flags/sy_flag.png":["packages/flutter_country_picker/assets/flags/sy_flag.png","packages/flutter_country_picker/assets/flags/2.0x/sy_flag.png","packages/flutter_country_picker/assets/flags/3.0x/sy_flag.png"],"packages/flutter_country_picker/assets/flags/sz_flag.png":["packages/flutter_country_picker/assets/flags/sz_flag.png","packages/flutter_country_picker/assets/flags/2.0x/sz_flag.png","packages/flutter_country_picker/assets/flags/3.0x/sz_flag.png"],"packages/flutter_country_picker/assets/flags/tc_flag.png":["packages/flutter_country_picker/assets/flags/tc_flag.png","packages/flutter_country_picker/assets/flags/2.0x/tc_flag.png","packages/flutter_country_picker/assets/flags/3.0x/tc_flag.png"],"packages/flutter_country_picker/assets/flags/td_flag.png":["packages/flutter_country_picker/assets/flags/td_flag.png","packages/flutter_country_picker/assets/flags/2.0x/td_flag.png","packages/flutter_country_picker/assets/flags/3.0x/td_flag.png"],"packages/flutter_country_picker/assets/flags/tf_flag.png":["packages/flutter_country_picker/assets/flags/tf_flag.png","packages/flutter_country_picker/assets/flags/2.0x/tf_flag.png","packages/flutter_country_picker/assets/flags/3.0x/tf_flag.png"],"packages/flutter_country_picker/assets/flags/tg_flag.png":["packages/flutter_country_picker/assets/flags/tg_flag.png","packages/flutter_country_picker/assets/flags/2.0x/tg_flag.png","packages/flutter_country_picker/assets/flags/3.0x/tg_flag.png"],"packages/flutter_country_picker/assets/flags/th_flag.png":["packages/flutter_country_picker/assets/flags/th_flag.png","packages/flutter_country_picker/assets/flags/2.0x/th_flag.png","packages/flutter_country_picker/assets/flags/3.0x/th_flag.png"],"packages/flutter_country_picker/assets/flags/tj_flag.png":["packages/flutter_country_picker/assets/flags/tj_flag.png","packages/flutter_country_picker/assets/flags/2.0x/tj_flag.png","packages/flutter_country_picker/assets/flags/3.0x/tj_flag.png"],"packages/flutter_country_picker/assets/flags/tk_flag.png":["packages/flutter_country_picker/assets/flags/tk_flag.png","packages/flutter_country_picker/assets/flags/2.0x/tk_flag.png","packages/flutter_country_picker/assets/flags/3.0x/tk_flag.png"],"packages/flutter_country_picker/assets/flags/tl_flag.png":["packages/flutter_country_picker/assets/flags/tl_flag.png","packages/flutter_country_picker/assets/flags/2.0x/tl_flag.png","packages/flutter_country_picker/assets/flags/3.0x/tl_flag.png"],"packages/flutter_country_picker/assets/flags/tm_flag.png":["packages/flutter_country_picker/assets/flags/tm_flag.png","packages/flutter_country_picker/assets/flags/2.0x/tm_flag.png","packages/flutter_country_picker/assets/flags/3.0x/tm_flag.png"],"packages/flutter_country_picker/assets/flags/tn_flag.png":["packages/flutter_country_picker/assets/flags/tn_flag.png","packages/flutter_country_picker/assets/flags/2.0x/tn_flag.png","packages/flutter_country_picker/assets/flags/3.0x/tn_flag.png"],"packages/flutter_country_picker/assets/flags/to_flag.png":["packages/flutter_country_picker/assets/flags/to_flag.png","packages/flutter_country_picker/assets/flags/2.0x/to_flag.png","packages/flutter_country_picker/assets/flags/3.0x/to_flag.png"],"packages/flutter_country_picker/assets/flags/tr_flag.png":["packages/flutter_country_picker/assets/flags/tr_flag.png","packages/flutter_country_picker/assets/flags/2.0x/tr_flag.png","packages/flutter_country_picker/assets/flags/3.0x/tr_flag.png"],"packages/flutter_country_picker/assets/flags/tt_flag.png":["packages/flutter_country_picker/assets/flags/tt_flag.png","packages/flutter_country_picker/assets/flags/2.0x/tt_flag.png","packages/flutter_country_picker/assets/flags/3.0x/tt_flag.png"],"packages/flutter_country_picker/assets/flags/tv_flag.png":["packages/flutter_country_picker/assets/flags/tv_flag.png","packages/flutter_country_picker/assets/flags/2.0x/tv_flag.png","packages/flutter_country_picker/assets/flags/3.0x/tv_flag.png"],"packages/flutter_country_picker/assets/flags/tw_flag.png":["packages/flutter_country_picker/assets/flags/tw_flag.png","packages/flutter_country_picker/assets/flags/2.0x/tw_flag.png","packages/flutter_country_picker/assets/flags/3.0x/tw_flag.png"],"packages/flutter_country_picker/assets/flags/tz_flag.png":["packages/flutter_country_picker/assets/flags/tz_flag.png","packages/flutter_country_picker/assets/flags/2.0x/tz_flag.png","packages/flutter_country_picker/assets/flags/3.0x/tz_flag.png"],"packages/flutter_country_picker/assets/flags/ua_flag.png":["packages/flutter_country_picker/assets/flags/ua_flag.png","packages/flutter_country_picker/assets/flags/2.0x/ua_flag.png","packages/flutter_country_picker/assets/flags/3.0x/ua_flag.png"],"packages/flutter_country_picker/assets/flags/ug_flag.png":["packages/flutter_country_picker/assets/flags/ug_flag.png","packages/flutter_country_picker/assets/flags/2.0x/ug_flag.png","packages/flutter_country_picker/assets/flags/3.0x/ug_flag.png"],"packages/flutter_country_picker/assets/flags/um_flag.png":["packages/flutter_country_picker/assets/flags/um_flag.png","packages/flutter_country_picker/assets/flags/2.0x/um_flag.png","packages/flutter_country_picker/assets/flags/3.0x/um_flag.png"],"packages/flutter_country_picker/assets/flags/us_flag.png":["packages/flutter_country_picker/assets/flags/us_flag.png","packages/flutter_country_picker/assets/flags/2.0x/us_flag.png","packages/flutter_country_picker/assets/flags/3.0x/us_flag.png"],"packages/flutter_country_picker/assets/flags/uy_flag.png":["packages/flutter_country_picker/assets/flags/uy_flag.png","packages/flutter_country_picker/assets/flags/2.0x/uy_flag.png","packages/flutter_country_picker/assets/flags/3.0x/uy_flag.png"],"packages/flutter_country_picker/assets/flags/uz_flag.png":["packages/flutter_country_picker/assets/flags/uz_flag.png","packages/flutter_country_picker/assets/flags/2.0x/uz_flag.png","packages/flutter_country_picker/assets/flags/3.0x/uz_flag.png"],"packages/flutter_country_picker/assets/flags/va_flag.png":["packages/flutter_country_picker/assets/flags/va_flag.png","packages/flutter_country_picker/assets/flags/2.0x/va_flag.png","packages/flutter_country_picker/assets/flags/3.0x/va_flag.png"],"packages/flutter_country_picker/assets/flags/vc_flag.png":["packages/flutter_country_picker/assets/flags/vc_flag.png","packages/flutter_country_picker/assets/flags/2.0x/vc_flag.png","packages/flutter_country_picker/assets/flags/3.0x/vc_flag.png"],"packages/flutter_country_picker/assets/flags/ve_flag.png":["packages/flutter_country_picker/assets/flags/ve_flag.png","packages/flutter_country_picker/assets/flags/2.0x/ve_flag.png","packages/flutter_country_picker/assets/flags/3.0x/ve_flag.png"],"packages/flutter_country_picker/assets/flags/vg_flag.png":["packages/flutter_country_picker/assets/flags/vg_flag.png","packages/flutter_country_picker/assets/flags/2.0x/vg_flag.png","packages/flutter_country_picker/assets/flags/3.0x/vg_flag.png"],"packages/flutter_country_picker/assets/flags/vi_flag.png":["packages/flutter_country_picker/assets/flags/vi_flag.png","packages/flutter_country_picker/assets/flags/2.0x/vi_flag.png","packages/flutter_country_picker/assets/flags/3.0x/vi_flag.png"],"packages/flutter_country_picker/assets/flags/vn_flag.png":["packages/flutter_country_picker/assets/flags/vn_flag.png","packages/flutter_country_picker/assets/flags/2.0x/vn_flag.png","packages/flutter_country_picker/assets/flags/3.0x/vn_flag.png"],"packages/flutter_country_picker/assets/flags/vu_flag.png":["packages/flutter_country_picker/assets/flags/vu_flag.png","packages/flutter_country_picker/assets/flags/2.0x/vu_flag.png","packages/flutter_country_picker/assets/flags/3.0x/vu_flag.png"],"packages/flutter_country_picker/assets/flags/wf_flag.png":["packages/flutter_country_picker/assets/flags/wf_flag.png","packages/flutter_country_picker/assets/flags/2.0x/wf_flag.png","packages/flutter_country_picker/assets/flags/3.0x/wf_flag.png"],"packages/flutter_country_picker/assets/flags/ws_flag.png":["packages/flutter_country_picker/assets/flags/ws_flag.png","packages/flutter_country_picker/assets/flags/2.0x/ws_flag.png","packages/flutter_country_picker/assets/flags/3.0x/ws_flag.png"],"packages/flutter_country_picker/assets/flags/xk_flag.png":["packages/flutter_country_picker/assets/flags/xk_flag.png","packages/flutter_country_picker/assets/flags/2.0x/xk_flag.png","packages/flutter_country_picker/assets/flags/3.0x/xk_flag.png"],"packages/flutter_country_picker/assets/flags/ye_flag.png":["packages/flutter_country_picker/assets/flags/ye_flag.png","packages/flutter_country_picker/assets/flags/2.0x/ye_flag.png","packages/flutter_country_picker/assets/flags/3.0x/ye_flag.png"],"packages/flutter_country_picker/assets/flags/yt_flag.png":["packages/flutter_country_picker/assets/flags/yt_flag.png","packages/flutter_country_picker/assets/flags/2.0x/yt_flag.png","packages/flutter_country_picker/assets/flags/3.0x/yt_flag.png"],"packages/flutter_country_picker/assets/flags/za_flag.png":["packages/flutter_country_picker/assets/flags/za_flag.png","packages/flutter_country_picker/assets/flags/2.0x/za_flag.png","packages/flutter_country_picker/assets/flags/3.0x/za_flag.png"],"packages/flutter_country_picker/assets/flags/zm_flag.png":["packages/flutter_country_picker/assets/flags/zm_flag.png","packages/flutter_country_picker/assets/flags/2.0x/zm_flag.png","packages/flutter_country_picker/assets/flags/3.0x/zm_flag.png"],"packages/flutter_country_picker/assets/flags/zw_flag.png":["packages/flutter_country_picker/assets/flags/zw_flag.png","packages/flutter_country_picker/assets/flags/2.0x/zw_flag.png","packages/flutter_country_picker/assets/flags/3.0x/zw_flag.png"]}